{"cameraMode":{"drawMode":0,"name":"Shaded","section":"Shading Mode"},"sceneLighting":true,"audioPlay":false,"sceneViewState":{"showFog":true,"showMaterialUpdate":false,"showSkybox":true,"showFlares":true,"showImageEffects":true,"showParticleSystems":true},"in2DMode":false,"pivot":{"x":0.7867978811264038,"y":0.23591351509094239,"z":-0.16907203197479249},"rotation":{"x":-0.22502756118774415,"y":-0.10441484302282334,"z":0.024262050166726114,"w":-0.9684393405914307},"size":0.7831213474273682,"orthographic":false}